Tweet_ID,Created_At,Text,Sentiment,Date,Hashtags
1896542472110846287,2025-03-03 12:45:36+00:00,"@DonaldJTrumpJr this will lead to US fixing our corrupt election system. almost none of the current ""elected"" crooks were really voted in by the people. In contrast, President Trump most likely recieved 50 million more votes than were shown in both the 2020 and 2024 elections. EO 13848",Neutral,2025-03-03,[]
1896481257862881603,2025-03-03 08:42:21+00:00,"@truegurufarino @PStyle0ne1 Trump's US would never fight Russia for Europe

If Ukraine loses, many European countries will get nukes

2024 looks like the last year with free US elections.
Trump aligns with Russia&amp;dictators to be easier to transform US into a oligarchy. He &amp; Musk&amp;co will never leave power.",Positive,2025-03-03,[]
1896465243745947972,2025-03-03 07:38:43+00:00,"@RobManess Legacy Media  &amp; all Western leaders hid this bully's behaviors. Like a kid told ""No"" by dad (Trump), he runs to mommie &amp; sister [US Democrats (losers of 2024 elections) &amp; UK] to get a 'Yes' in the form of billions of dollars. Why? To sell war equipment on a black market?",Negative,2025-03-03,[]
1896423387578437643,2025-03-03 04:52:24+00:00,@RosebudBubbs @defense_civil25 US president can't order to pull out from NATO until and unless 2/3rd of your senate agrees to it. It was a law introduced in 2024 by Biden admin to subdue the fear of Trump's winning chances in 2024 elections.,Positive,2025-03-03,[]
1896419520757092715,2025-03-03 04:37:02+00:00,US Presidential Elections 2024: Ukraine denies links to suspect in Donald Trump assassination attempt - India Today.  If deny it to. Democrats &amp; Ukraine involved?????  https://t.co/VMoGmw6U3E,Negative,2025-03-03,[]
1896396450944499839,2025-03-03 03:05:21+00:00,"Carey Price's wife Angela doubles down on voting for Donald Trump in 2024 US elections
She‚Äôs a fuc$$&amp;n idiot ! Voting for a destroyer of democracy! Not too bright https://t.co/UAQG2vXBvl",Negative,2025-03-03,[]
1896375473678193053,2025-03-03 01:42:00+00:00,@Vzladream Trump saved us just in time.  Both countries had 2024 elections.  I wish to God someone else won Britain's election.,Positive,2025-03-03,[]
1896361211148873959,2025-03-03 00:45:20+00:00,"@MyLordBebo Trump understands the sunk cost fallacy (as most good businessmen do).  Besides Ukraine interfered in US elections in 2016 for Clinton refused help to investigate the Biden crime family (leading to the first bogus impeachment) and interfered in the 2024 elections.
Huge mistakes.",Neutral,2025-03-03,[]
1896334011317785069,2025-03-02 22:57:15+00:00,"@maddenifico Donald Trump and JD Vance are currently the most favorably viewed politicians in the United States, according to the most accurate pollster from the last two presidential elections.
https://t.co/A9WaOQKwvH

AtlasIntel provided the most precise estimates for the 2024 US‚Ä¶ https://t.co/Ya2DN7lXCx",Positive,2025-03-02,[]
1896330742323675604,2025-03-02 22:44:15+00:00,#Breaking: Defense Secretary Hegseth is paying back #Russia's support for #Trump during the 2024 presidential elections by ordering the #US Cyber Command to ‚ÄòStand Down‚Äô on all Russian operations! He says Russia is no longer a significant cyber threat to the United States! https://t.co/MxhCAOvxvu,Positive,2025-03-02,"['#Breaking', '#Russia', '#Trump', '#US']"
1896319179609067999,2025-03-02 21:58:18+00:00,"It's funny how he blames everyone but himself. 

Joe Biden blamed two famed politicians for Democratic Party loss in U.S elections 2024 and it‚Äôs not Kamala https://t.co/t0Un54giDF",Negative,2025-03-02,[]
1896305510980415795,2025-03-02 21:04:00+00:00,"@RichardAngwin @McFaul What do you want to bet the elections, if we have them, will be rigged in Trump's  favor. That's  why Putin has ruled all these years. Voting will not save us. It didn't in 2016 or 2024. It did in 2020 because Trump's hackers bungled the operation.",Negative,2025-03-02,[]
1896276088969646188,2025-03-02 19:07:05+00:00,"Least anyone forget

#Felon47 never has a bad word to say  about #Putin

Plus help in 2016 and 2024 elections 

https://t.co/GXBa3f1Alk",Positive,2025-03-02,"['#Felon47', '#Putin']"
1896272869266796914,2025-03-02 18:54:17+00:00,@RealCandaceO If the 20 year old kids didn‚Äôt vote in 2024 elections the Boomers would have brought us Kamala. I couldn‚Äôt believe it when I seen the polls. Not the Boomer who runs this house. Trump all the way,Neutral,2025-03-02,[]
1896259967277281362,2025-03-02 18:03:01+00:00,@patreid1775 @Karl0FKC @nexta_tv I also would like to see Trump have a transparent investigation into what happened in 2024 and release all classified documents that involved Foreign interference in the US elections.,Positive,2025-03-02,[]
1896256893812904244,2025-03-02 17:50:48+00:00,"Link to story ""An Immigrant Neighborhood Where Trump Made Inroads Now Fears ICE Raids"": https://t.co/Qz3HUT5gBz
And to map: https://t.co/Q6hUs0wB5j https://t.co/PbZ3ZDsZRY",Negative,2025-03-02,[]
1896249810363273442,2025-03-02 17:22:40+00:00,@KnicksBig15 @TruePG718 @PodKnicks @BrownsvilleNYK @eepdllc @Freekeith @dipjce @DonaldP47082631 @Christian_J_D_M @FireThibodeau @William38874041 @Knickanator_ @knicksrealist @SayMane901 @RaphaelDiaz @Chuck1one @rahmmagick @MindNy77 @Not47Buddz @Statspeg @dorkasaurus_rex @TMal761 @stalling_e @Ant4418 @queens_dude @ValleTheRealest @0oty_Mac @Woodshed_1914 @NastyLykNas @JoeYo1k @dmel910 @MikeFromQns7 @Richierich0215 @HLinPtown @Rick__War @DexterRambo @mikenieve @acinformal @_knicks1688 @ohitskody @net_steven @Jkip52 @AngelBeingAngel @WorkerDrone3 @_CCSports_ @JoelGlenn @ShuaibA12 @J1gg__ @NY_KnicksPR @TheRealMoBamba Except GATES is a democrat his entire life and gave Kamala a cool 50 million. https://t.co/nRjpPTnqGF,Positive,2025-03-02,[]
1896235759033893176,2025-03-02 16:26:49+00:00,"@JDVance July, 2024:

https://t.co/EUetObrgpQ",Neutral,2025-03-02,[]
1896204051131597282,2025-03-02 14:20:50+00:00,"@YourAnonCentral this is such a horseshit post, something has to be said about it.   DM has been unabashedly negative about Trump's chances in US elections. 
2016, 2020 DM had daily hit pieces, usually mutliple. 
In the leadup to 2024, it was the same. 
Read anon horseshit, just don't quote it",Negative,2025-03-02,[]
1896203387399717273,2025-03-02 14:18:11+00:00,"@JDVanceNewsX Trump used The Immigrants' votes to win the 2024 elections.

@HouseDemocrats @SenateDems there should be a recount and let us all see who won the election with only the American votes since trump wants to manipulate the system",Positive,2025-03-02,[]
1896033902789038386,2025-03-02 03:04:43+00:00,"@MeidasTouch Donald Trump and JD Vance are currently the most favorably viewed politicians in the United States, according to the most accurate pollster from the last two presidential elections.
https://t.co/A9WaOQKwvH

AtlasIntel provided the most precise estimates for the 2024 US‚Ä¶ https://t.co/m3q4Xydd8A",Positive,2025-03-02,[]
1896029967353593989,2025-03-02 02:49:05+00:00,"@BillyBaldwin Donald Trump and JD Vance are currently the most favorably viewed politicians in the United States, according to the most accurate pollster from the last two presidential elections.
https://t.co/A9WaOQL4lf

AtlasIntel provided the most precise estimates for the 2024 US‚Ä¶ https://t.co/KT3t90dEXs",Positive,2025-03-02,[]
1896029532987277416,2025-03-02 02:47:21+00:00,"@MollyBeck Donald Trump and JD Vance are currently the most favorably viewed politicians in the United States, according to the most accurate pollster from the last two presidential elections.
https://t.co/A9WaOQL4lf

AtlasIntel provided the most precise estimates for the 2024 US‚Ä¶ https://t.co/RXKbef3ZEe",Positive,2025-03-02,[]
1896027998694097122,2025-03-02 02:41:16+00:00,"@jdpoc Donald Trump and JD Vance are currently the most favorably viewed politicians in the United States, according to the most accurate pollster from the last two presidential elections.
https://t.co/A9WaOQL4lf

AtlasIntel provided the most precise estimates for the 2024 US‚Ä¶ https://t.co/LHXFWsVCaF",Positive,2025-03-02,[]
1896027828031807933,2025-03-02 02:40:35+00:00,"@EPersuader @maddenifico Donald Trump and JD Vance are currently the most favorably viewed politicians in the United States, according to the most accurate pollster from the last two presidential elections.
https://t.co/A9WaOQKwvH

AtlasIntel provided the most precise estimates for the 2024 US‚Ä¶ https://t.co/5ENNvgqI18",Positive,2025-03-02,[]
1896025298002485392,2025-03-02 02:30:32+00:00,"@Rep_Stansbury Donald Trump and JD Vance are currently the most favorably viewed politicians in the United States, according to the most accurate pollster from the last two presidential elections.
https://t.co/KlsqlPP1cw

AtlasIntel provided the most precise estimates for the 2024 US‚Ä¶ https://t.co/9c4yoo2EYM",Positive,2025-03-02,[]
1896024748573835304,2025-03-02 02:28:21+00:00,"@RepSwalwell Donald Trump and JD Vance are currently the most favorably viewed politicians in the United States, according to the most accurate pollster from the last two presidential elections.
https://t.co/A9WaOQKwvH

AtlasIntel provided the most precise estimates for the 2024 US‚Ä¶ https://t.co/pX5eSlEeEe",Positive,2025-03-02,[]
1896006330982568002,2025-03-02 01:15:10+00:00,"Pes Biden is justified blaming Pelosi + Obama for the Dems '24 election loss, aside from Stalinkx interference + local interference that we know of.

https://t.co/LEv9skQVrM",Negative,2025-03-02,[]
1895996268964671664,2025-03-02 00:35:11+00:00,"@an0nygir1 @KonstantinKisin Zelensky criticized Trump during the elections and said JD was ‚Äútoo radical‚Äù whatever that means. 

https://t.co/d2Ft5C5ai8",Negative,2025-03-02,[]
1895987220743705012,2025-03-01 23:59:13+00:00,"@RealMattMoney @NewsWire_US ""Trump accused Zelensky of being 'A Dictator without Elections!!' Due to the war, Ukraine did delay elections that were scheduled for April 2024.""",Negative,2025-03-01,[]
1895970470748737846,2025-03-01 22:52:40+00:00,"@lgmediaent @TheAcolyte113 @MeidasTouch If the next elections ever are arranged.

https://t.co/22o9wBOmvZ",Neutral,2025-03-01,[]
1895969920044974153,2025-03-01 22:50:29+00:00,"@SheldrickCathy @larsept @fridgebuzz @McFaul @ZelenskyyUa @FT Yes, the $174 billion amount is a myth.

It's much more than that.  It was $183 in supplies, arms and humanitarian air but that was back in September 2024.  We've sent more since then;

https://t.co/VUEbwyWJtV",Positive,2025-03-01,[]
1895969384423964863,2025-03-01 22:48:21+00:00,"US Elections 2024 ‚Äì With Trump vs. Biden looking more likely, what does this mean for NRIs, immigration, and global policies? #USElections #NriViews",Neutral,2025-03-01,"['#USElections', '#NriViews']"
1895965348525937052,2025-03-01 22:32:19+00:00,"üá∫üá∏ FELNews Americas President Samuel Wise:

Trump ran an election campaign in the 2024 US elections on the promise that he would end the Ukraine War. And after being elected, he acts by producing policies in this direction. The reason why he targets Zelensky and the European‚Ä¶ https://t.co/uDaJQZqilT https://t.co/3XRCpVx2hB",Positive,2025-03-01,[]
1895962560962367499,2025-03-01 22:21:14+00:00,"@FarmGirlCarrie It doesn't make sense to us, but it's on brand for Democrats. They think the ""free world"" means state owned press, martial law, and suspended elections. We know as much as we lived through 2020-2024. If Trump had not won, we'd be living under that model right now.",Negative,2025-03-01,[]
1895961851332341880,2025-03-01 22:18:25+00:00,"No good deed goes unpunished.

Barack should have picked Tim Kaine or Evan Bayh as his VP and left this stubborn gaffe factory in Delaware.

Barack and Nancy Pelosi didn't make him debate Trump as early as June.  He did so because he WAS LOSING.

https://t.co/MewQxck5Y9",Negative,2025-03-01,[]
1895955262873485343,2025-03-01 21:52:14+00:00,"My criticism of Zelensky and his leadership.
1. Zero excuses for not being fluent in English 
2. Not preparing help from Meloni, Milei and someone from Poland in the summer of 2024 in case Trump wins US elections

Huge mistakes",Negative,2025-03-01,[]
1895951095165567452,2025-03-01 21:35:40+00:00,"Bomb threats against Democrats and major hacking attempts against US companies in the US 2024 Presidential elections, and now Trump says it‚Äôs ok, Putin isn‚Äôt a threat.
The US Cyber Defence Agency has also been told to shut down any offensive actions, planned against Russia. https://t.co/xlp9dC11IA",Negative,2025-03-01,[]
1895946049669435841,2025-03-01 21:15:37+00:00,"@charise_lee #TrumpIsARussianAsset Trump and Vance have been compromised by the FSB either as a return favor for spreading disinformation to influence the US 2024 elections, or the Kremlin has other highly compromising information about Trump and Vance and is blackmailing therm",Positive,2025-03-01,['#TrumpIsARussianAsset']
1895945999706964119,2025-03-01 21:15:25+00:00,"Sources:
1. https://t.co/ZFOWDHjkoc
2. https://t.co/SZCfvM6XtH
3. https://t.co/BGlPABoHUQ
4. https://t.co/Kgn59LjNAh
5. https://t.co/SE21AiZyvp 
6. https://t.co/aMbMgzYZ0T
7. https://t.co/nX1kZiVuZ6 
8. https://t.co/pBnChcKZBj 
9. https://t.co/YtG9t1N9xV
10.‚Ä¶ https://t.co/wmeJffMdOF",Neutral,2025-03-01,[]
1895944380793700716,2025-03-01 21:08:59+00:00,"#TrumpIsARussianAsset Trump and Vance have been compromised by the FSB either as a return favor for spreading disinformation to influence the US 2024 elections, or the Kremlin has other highly compromising information about Trump and Vance and is blackmailing them.",Positive,2025-03-01,['#TrumpIsARussianAsset']
1895920534191530419,2025-03-01 19:34:14+00:00,"@Randon7981 @Jeanetteisback @VinceGottalotta @PembrokeMeg @Jonnyrocket70 @JefBooth @Lietdansnewlegs @JPopiden55707 @Stillhere4745 @realAnthonyHogg @gvnzng @Bubu_fan1 @NumbersMean @RICHLS8 @jjacobs8438 @TBD77 @tom_koopmans @FireBidenNow @BesterGrammar @DonPeq @Dont_try_me6789 @FiestyKiwi @TreatHunterDog @scottstocker4 @TorrieTruth @JohnOz1900 @astragal @cbeckj @jeffsmith0000 @RAM0667 @MolaRamLinux @ChubbsNShooter @PlatoonOps @ronn214 @GhostOftaemkraB @giddy_bunny @ARosen999 @Dan_Morrison @MyOverlord69 @SorryBudro @_JV_oo @Gameove35593168 @elec_engineer66 @theProgEqualist @Sindyandyourmom @EddieHammer6 @KsLiberal @libslayer66 @jdizzle635 Uh huh.....üôÑüôÑüôÑ
https://t.co/RGGdg8pPN7",Neutral,2025-03-01,[]
1895914464085753948,2025-03-01 19:10:07+00:00,"@SashaJovicic @Cernovich Indeed, this applies to both 2024 and the previous instance in 2020. @RichardGrenell @JDVance @realDonaldTrump @DonaldJTrumpJr https://t.co/tgM8OMxm99",Neutral,2025-03-01,[]
1895901675749327161,2025-03-01 18:19:18+00:00,"@RMaioris @KonstantinKisin Zelenskyy‚Äôs campaign activities in 2024 continued Ukraine‚Äôs interference in US elections in favor of Democrats back to 2016.  Even @politico reported that fact:

https://t.co/sXKCRE9o9e",Positive,2025-03-01,[]
1895890532058218719,2025-03-01 17:35:01+00:00,@jackfro69234272 @PiperK üòÇ Russians in Russia voted for Trump in the rigged US election in 2024. We do need to fix the US elections so they aren't rigged in favor of Russia. United States is Russia.,Negative,2025-03-01,[]
1895873880352571430,2025-03-01 16:28:51+00:00,"@battleforeurope Zelensky withheld proof of Biden‚Äôs corruption in Ukraine in 2020 because he didn‚Äôt want to interfere in US elections and then he went to Kamala ¬¥s campaign in Pennsylvania in October 2024. 
And now he needs Trump ‚Ä¶.
It is that simple !",Positive,2025-03-01,[]
1895860683147022500,2025-03-01 15:36:24+00:00,"@muralitwit It is Modi's shear luck
Had US elections held earlier &amp; Trump became president of US in 2024 Jan

There is no way he would have allowed his dear friend to win in India

He is going to expose sins &amp; frauds of each and every  world leader",Positive,2025-03-01,[]
1895849180494770392,2025-03-01 14:50:42+00:00,"@69Rsi @Heminator Russia hawks lost US presidential elections in 2008, 2012, and Hillary lost in 2016 after she deployed the idiotic Russiagate conspiracy. Anti-Russia hysteria doesn‚Äôt win presidential elections, and the pro-Ukraine faction installed Biden after impeaching Trump. Then lost 2024.",Negative,2025-03-01,[]
1895736029661004206,2025-03-01 07:21:05+00:00,"@vingthor84 @ganjapreneur00 @Glennyoungking @rohbear0 @conorsen üò≠üò≠ he literally left office with far less jobs than what he came into office withüò≠ read a book it was global inflation, and it‚Äôs technically not even a recession truly, biden saved us with the chips and science act and his infrastructure bill  MORON https://t.co/Omn4YiFbfm",Negative,2025-03-01,[]
1895706731780710465,2025-03-01 05:24:40+00:00,"@ChrisVanHollen so you're pro dictator zelinski? martial law postponed elections of spring 2024! 
do you support the security agreement, to put US troops on the ground there? 
do you support a blank check for fraud and corruption? if no?you support Trump's US 1st!",Positive,2025-03-01,[]
1895668084633149458,2025-03-01 02:51:05+00:00,"@RyanHar16220125 @hashirsher_ca @JustinTrudeau Zelenskyy‚Äôs five-year term expired on May 20, 2024. He declared martial law in 2022 and has extended it multiple times. The US has consistently held elections and especially during times of war. This was why President Trump called Zelenskyy a dictator. Like Zelenskyy, you expect‚Ä¶ https://t.co/Y8HhqcMZdk",Negative,2025-03-01,[]
1895665075551420703,2025-03-01 02:39:08+00:00,"@troppofella Democratic elections being shutdown by the EU citing 'Russian interference'. Literally the same playbook the Dems in the US have been falsely using on Trump for years. 

https://t.co/53DfCcyG8K",Neutral,2025-03-01,[]
1895600335651307771,2025-02-28 22:21:53+00:00,"FACT: Nearly every major European nation had a government collapse and snap elections in 2024-25.

This is an orchestrated diplomatic smearing on the US due to distaste for Trump, bilateralism, and Europe not getting a cut.

Europe can‚Äôt run itself let alone the free world. https://t.co/88qpj6vK80",Neutral,2025-02-28,[]
1895586840599805977,2025-02-28 21:28:15+00:00,"Scranton, Pennsylvania September 22, 2024 üòò
JUST BEFORE US ELECTIONS

Zelensky to President Trump February 28, 2025
""Mr. President, we are staying in our country,
staying strong from the very beginning of the war. We've been alone, and we are thankful."" ü§¶‚Äç‚ôÄÔ∏è https://t.co/Kupzta4P1x",Negative,2025-02-28,[]
1895586457001304343,2025-02-28 21:26:44+00:00,"@mirandadevine Scranton, Pennsylvania September 22, 2024 üòò
JUST BEFORE US ELECTIONS

Zelensky to President Trump February 28, 2025
""Mr. President, we are staying in our country,
staying strong from the very beginning of the war. We've been alone, and we are thankful."" ü§¶‚Äç‚ôÄÔ∏è https://t.co/KTgxRsmufR",Negative,2025-02-28,[]
1895569003227332797,2025-02-28 20:17:22+00:00,"@ZelenskyyUa Zelensky might have been behind the assassination attempt on Trump, to keep the gravy train of war running. Ukraine should hold elections and elect a new leader.
https://t.co/KD4e1nU5xf",Negative,2025-02-28,[]
1895568963448553693,2025-02-28 20:17:13+00:00,"@ZelenskyyUa Zelensky might have been behind the assassination attempt on Trump, to keep the gravy train of war running. Ukraine should hold elections and elect a new leader.
https://t.co/KD4e1nU5xf",Negative,2025-02-28,[]
1895568922256294142,2025-02-28 20:17:03+00:00,"@ZelenskyyUa @POTUS Zelensky might have been behind the assassination attempt on Trump, to keep the gravy train of war running. Ukraine should hold elections and elect a new leader.
https://t.co/KD4e1nU5xf",Negative,2025-02-28,[]
1895561847237197975,2025-02-28 19:48:56+00:00,"@benigma2017 My fear is that we'll no longer have fair and free elections. Remember Trump saying ""blue states will dissappear off the map?"" I'm certain 2026 and 2028 will be rigged unless we switch to paper ballots only. This non-partisan organization has data on 2024:
https://t.co/S0CmH9Tjfj",Negative,2025-02-28,[]
1895551896531976420,2025-02-28 19:09:24+00:00,"Ukrainian presidential elections were scheduled to be held in April 2024. Zelensky chose to campaign in US presidential elections instead
https://t.co/oYtQlTRmbI https://t.co/cOLPf6x5IL https://t.co/VduygLEXrT",Neutral,2025-02-28,[]
1895551123781796303,2025-02-28 19:06:20+00:00,"Now all these people who deride, demean, deny, defame people for saying Trump is a Russian asset can kiss my butt. They stole  2 elections: 2016 and 2024, and our gvt is now working for Putin and xi. 
NOW, YOU can listen to US!",Positive,2025-02-28,[]
1895548678104088716,2025-02-28 18:56:37+00:00,"@WarMonitor3 Vance is in a hurry to please PUTIN. Remember TRUMP said after 2024 elections that we don‚Äôt have to vote again. I believe US will invade Greenland, Canada and possibly Mexico someday.",Positive,2025-02-28,[]
1895539917557809183,2025-02-28 18:21:48+00:00,"@ItsTheEnforcer Zelensky chose a side in 2024 and backed the Democrats. This was seen as meddling in the US Presidential elections so there is no love lost between Trump, Zelensky, and the war in Ukraine. It's time for Ukraine to lean on its European partners, the only country the US needs to‚Ä¶ https://t.co/eaoYquQg6j",Negative,2025-02-28,[]
1895539563684384960,2025-02-28 18:20:24+00:00,"@Aad_LLC @squatsons @JDVance Did not you get the memo that there were elections in November 2024 AND Trump/Vance got elected for the President and VP of the US?
üßê",Neutral,2025-02-28,[]
1895539406007845164,2025-02-28 18:19:46+00:00,"@RepJasonCrow How many are employed by the federal government?
Remember, President Trump won 2631 of the 3100 US counties (84%) in the 2024 elections. In a democracy majority rules.  So I am witnessing Democrats, democrat donors and Democrat Party s a threat to our democracy. Thoughts?",Positive,2025-02-28,[]
1895530473029582961,2025-02-28 17:44:16+00:00,"The majority of GOP leaders are behaving as if 2024 elections would be the last in US history. They are acting as if the Republican Party is about to be changed to the Trump Political Party (TPP).

But I commend these bold GOP lawmakers for their courage.

https://t.co/hrrezSYdBv",Positive,2025-02-28,[]
1895432088322715824,2025-02-28 11:13:19+00:00,"@wamahesp ""Kamala Harris, already considered the most influential individual in the Democratic Party, was endorsed by Biden to replace him as the Democratic nominee for the 2024 US elections in an unprecedented fulfillment of prophecy."" #ProphetElvisMbonye @elonmusk
https://t.co/gAVb1ksJi8",Positive,2025-02-28,['#ProphetElvisMbonye']
1895432066571096105,2025-02-28 11:13:14+00:00,"@wamahesp ""4 years 6 and a half months later, United States President-elect Joe Biden abruptly dropped out of the 2024 US presidential elections and offered his full support and endorsement to Vice President Kamala Harris."" #ProphetElvisMbonye @elonmusk
https://t.co/gAVb1ksJi8",Positive,2025-02-28,['#ProphetElvisMbonye']
1895432046010679800,2025-02-28 11:13:09+00:00,"@wamahesp Due to prophecy, Kamala Harris rose from obscurity, becoming the first female US VP and a key figure in the 2020 and 2024 elections. Now, she‚Äôs the 2024 Democratic Presidential frontrunner with Biden's backing. #ProphetElvisMbonye @elonmusk
https://t.co/gAVb1ksJi8",Neutral,2025-02-28,['#ProphetElvisMbonye']
1895429001486954574,2025-02-28 11:01:03+00:00,"US 2020 elections were rigged - Thread üßµ

The orchestrator of this rigging was US based billionaire - George Soros

I sympathize with Trump. He won in 2016, again in 2020, and once more in 2024. However, his 2020 victory was taken away through rigging

Here is the proof

1/15 https://t.co/MBn5YBupVD https://t.co/u8XnR5w1df",Positive,2025-02-28,[]
1895414533759652208,2025-02-28 10:03:34+00:00,"World War III Is Still On The Table: Europe Wants Boots On The Ground In Ukraine 
In the lead-up to the 2024 presidential elections in the US, the  Biden Administration, in collusion with UK, European and Ukrainian partners, devised a¬†plan to ‚ÄúTrump-Proof‚Äù¬†the war in Ukraine. https://t.co/rh5JN2KYBg",Negative,2025-02-28,[]
1895258920597496084,2025-02-27 23:45:13+00:00,@Truthseeke91786 @ChallengeBelief @BlakeMcD1 @catturd2 What do those elections have to do with the 2024 US Presidential Election in which Trump won the popular vote?,Positive,2025-02-27,[]
1895255441506201947,2025-02-27 23:31:24+00:00,"@CyroosTethering @SpaghettiKozak Do you think that the US will have free and fair elections in 2026?

I‚Äôm not sure Trump didn‚Äôt cheat already in 2024. (Russian tail, Clark County)

Even the old, pre-Trump GOP were openly gerrymandering. Trump 2.0 will have no holds barred.",Negative,2025-02-27,[]
1895210220449665123,2025-02-27 20:31:42+00:00,"Early Q4 2024: ""Trump will make us so damn rich! Higher  ü´¥! You're not bullish enough!""

2025 begins with Trump rug-pulling millions of degenerate investors, only to follow up by wrecking all assets post-inauguration.

Me: Warning about the biggest bull trap post-elections,‚Ä¶ https://t.co/YZyIupe4Oa",Negative,2025-02-27,[]
1895158506858201453,2025-02-27 17:06:13+00:00,@DOGE Dear America - Don't forget Biden Administration used US AID and gave over $15 Million of Taxpayer money to @ECP_Pakistan under guise of holding free &amp; fair elections in 2024 but in reality funded the military to steal elections and keep @ImranKhanPTI out of power.,Negative,2025-02-27,[]
1895156767291560421,2025-02-27 16:59:18+00:00,@JoeRNews Please you idiots said you will leave the US if Trump won the 2024 elections. Actions speak louder than words leave NOW!,Positive,2025-02-27,[]
1895127438562128223,2025-02-27 15:02:45+00:00,"https://t.co/wYhEWnilWa

üßê Will A Recession Happen?  
- An inverted yield curve is a warning, but not always accurate  
- It happened in October 2022, but no recession after 2.5 years  
- In 2024, after the US elections, the 10-year yield increased  
- Trump‚Äôs victory raised‚Ä¶ https://t.co/HvXdwgonIz",Negative,2025-02-27,[]
1895049402097770869,2025-02-27 09:52:40+00:00,"Key events impacting Nifty since Sept 2024:  

-Sept: BoJ rate hike sent Nikkei tumbling  
-Oct: Israel-Hamas-Iran war escalated  
-Nov: Donald Trump won US elections  
-Dec: Tariff concerns rattled markets  
-Feb: S. Naren cautioned on small/midcaps  

#stockmarketsindia #Nifty",Positive,2025-02-27,"['#stockmarketsindia', '#Nifty']"
1895040354371674327,2025-02-27 09:16:43+00:00,"@wamahesp ""4 years 6 and a half months later, United States President-elect Joe Biden abruptly dropped out of the 2024 US presidential elections and offered his full support and endorsement to Vice President Kamala Harris."" #ProphetElvisMbonye @elonmusk
https://t.co/r1pcP6wD3Q",Positive,2025-02-27,['#ProphetElvisMbonye']
1895040354149146855,2025-02-27 09:16:43+00:00,"@wamahesp Due to prophecy, Kamala Harris rose from obscurity, becoming the first female US VP and a key figure in the 2020 and 2024 elections. Now, she‚Äôs the 2024 Democratic Presidential frontrunner with Biden's backing. #ProphetElvisMbonye @elonmusk
https://t.co/r1pcP6w5ei",Neutral,2025-02-27,['#ProphetElvisMbonye']
1894951195195609190,2025-02-27 03:22:26+00:00,"@MaryLTrump @MaryLTrump did you not get the memo; Zelensky canceled elections May 2024, Ukrainian leaders threw him OUT, he is NOT the president that was INSTALLED by EU/NATO/BIDEN. Mineral deal might could reimburse the US for the billions wasted on war intentionally created to split Russia",Negative,2025-02-27,[]
1894919187975340194,2025-02-27 01:15:14+00:00,"@Terror_Alarm Trump wants to turn the US a dictatorship 

That‚Äôs why he likes dictators so much 
Putin/ Netanyhau / Erdogan / Xi ping 

2024 could be the last Us elections",Positive,2025-02-27,[]
1894864233365459046,2025-02-26 21:36:52+00:00,"@BernieSanders Was this a problem? Soros and associates buy up 200+ radio stations just prior to the 2024 elections and you want us to be mad over the @washingtonpostü§¶‚Äç‚ôÇÔ∏è

Give me a break, pure and absolute hypocrisy‚ÄºÔ∏è

https://t.co/PT3xoWsWPt",Negative,2025-02-26,[]
1894779746279375079,2025-02-26 16:01:09+00:00,"""The 2024 election was a lesson in the perils of nominating a far-left candidate‚Äîone that, if these polls are any indication, Democrats have not yet seemed to learn.""

@kamdenmulder 

https://t.co/k0hmI1Le7M",Neutral,2025-02-26,[]
1894779731016286268,2025-02-26 16:01:05+00:00,"""The 2024 election was a lesson in the perils of nominating a far-left candidate‚Äîone that, if these polls are any indication, Democrats have not yet seemed to learn.""

@kamdenmulder 

https://t.co/XpJNS4rVlZ",Neutral,2025-02-26,[]
1894761912518484216,2025-02-26 14:50:17+00:00,"@SheldrickCathy @larsept @fridgebuzz @McFaul @ZelenskyyUa @FT Yes, $183 billion in total support to Ukraine.

And that figure is from September 2024.  We've sent more since then

https://t.co/VUEbwyWJtV",Positive,2025-02-26,[]
1894757355675427253,2025-02-26 14:32:11+00:00,"A BLAST FROM THE PAST:
Russian President Vladimir Putin is waiting for the 2024 US elections, hoping to negotiate on the future of the Russia-Ukraine war with Donald Trump without the involvement of any European state, Czech President Petr Pavel has said.  https://t.co/lgXG7PNlY6",Negative,2025-02-26,[]
1894752414583914823,2025-02-26 14:12:33+00:00,"@SirJeremyLondon I wouldn‚Äôt bet on fair elections in the US from now on. Musk and Trump will figure sth. out.
And if the 2024 election has taught us anything, it‚Äôs that a lot of the US population is voting against their own interests. You could also call them ‚Ä¶ not very smart. And I‚Äôm polite.",Positive,2025-02-26,[]
1894749463350051299,2025-02-26 14:00:49+00:00,"@TonyD2705 @B7Boutique https://t.co/frYc3naDAp
‚Äú‚Ä¶Electoral College made it a landslide.‚Äù

A landslide? - not even close.

In terms of the Electoral College, 312 electoral votes sits within the lowest quadrant of U.S. presidential elections.
https://t.co/g8EUmyz8c3

Furthermore,
Donald Trump‚Äôs Margin‚Ä¶ https://t.co/uMTzmmAzUK https://t.co/rtxgJ95inu",Negative,2025-02-26,[]
1894747177366253583,2025-02-26 13:51:44+00:00,"@michaeljsmith17 MAGA ain‚Äôt shit though

as Trump‚Äôs 1st three elections in Ohio showed 
Trump won Ohio in ‚Äò16 by riding Portman‚Äôs coattails by 277.5K
Trump never got as many votes there as GOP US House candidates until 2024
ü§£üòÇü§£üòÇü§£ https://t.co/NTigq6mVxE",Neutral,2025-02-26,[]
1894740091148308781,2025-02-26 13:23:34+00:00,@OneBadDude_ @RepJeffries Do you mean the will of what people where Trump only won by 1.5% and didn't even get over 50% of the vote. https://t.co/fkmLK1veUm,Positive,2025-02-26,[]
1894732777553010956,2025-02-26 12:54:31+00:00,"‚ÄòFascist‚Äô, ‚Äòconman‚Äô, ‚Äòpredator‚Äô, ‚Äòcheat‚Äô: what 11 former Trump staffers say about him now | US elections 2024 | The Guardian https://t.co/EX1q8dLPLC",Neutral,2025-02-26,[]
1894715353537909097,2025-02-26 11:45:17+00:00,"@WallStreetMav Germany should have known better.  Kamala Harris, the U.S. Democrat nominee in the 2024 U.S. Presidential elections, did the same thing.  She claimed to want to secure the border. Do you think US voters believed her?  (Wake up, all these commies are working off the same playbook. https://t.co/pesSPldlS1",Positive,2025-02-26,[]
1894712279058530796,2025-02-26 11:33:04+00:00,"@MarioNawfal Germany should have known better.  Kamala Harris, the U.S. Democrat nominee in the 2024 U.S. Presidential elections, did the same thing.  She claimed to want to secure the border. Do you think US voters believed her?  (Wake up, all these commies are working off the same playbook. https://t.co/4MzSQGLTgB",Positive,2025-02-26,[]
1894709191585173946,2025-02-26 11:20:47+00:00,"@EvelinaHahne Germany should have known better.  Kamala Harris, the U.S. Democrat nominee in the 2024 U.S. Presidential elections, did the same thing.  She claimed to want to secure the border. Do you think US voters believed her?  (Wake up, all these commies are working off the same playbook. https://t.co/4MzSQGLTgB",Positive,2025-02-26,[]
1894677715757768950,2025-02-26 09:15:43+00:00,"@wamahesp ""Kamala Harris, already considered the most influential individual in the Democratic Party, was endorsed by Biden to replace him as the Democratic nominee for the 2024 US elections in an unprecedented fulfillment of prophecy."" #ProphetElvisMbonye @elonmusk
https://t.co/r1pcP6w5ei",Positive,2025-02-26,['#ProphetElvisMbonye']
1894677690524864572,2025-02-26 09:15:37+00:00,"@wamahesp ""4 years 6 and a half months later, United States President-elect Joe Biden abruptly dropped out of the 2024 US presidential elections and offered his full support and endorsement to Vice President Kamala Harris."" #ProphetElvisMbonye @elonmusk
https://t.co/r1pcP6w5ei",Positive,2025-02-26,['#ProphetElvisMbonye']
1894677666000679023,2025-02-26 09:15:31+00:00,"@wamahesp Due to prophecy, Kamala Harris rose from obscurity, becoming the first female US VP and a key figure in the 2020 and 2024 elections. Now, she‚Äôs the 2024 Democratic Presidential frontrunner with Biden's backing. #ProphetElvisMbonye @elonmusk
https://t.co/r1pcP6w5ei",Neutral,2025-02-26,['#ProphetElvisMbonye']
1894651394046452124,2025-02-26 07:31:07+00:00,"The US elections were rigged in 2024 despite it really was too big to rig because of the overwhelming votes of REAL AMERICANS, and i really believe it was rigged more then once!
This UNDEMOCRATIC and SABOTAGE!
#USA 
#Fraud 
#Con_Artist
#Ignorance 
#Left 
#Right 
#Trump‚Ä¶ https://t.co/saQX7t7wfT https://t.co/YH35QGD1cR",Negative,2025-02-26,"['#USA', '#Fraud', '#Con_Artist', '#Ignorance', '#Left', '#Right', '#Trump']"
1894651171962273801,2025-02-26 07:30:14+00:00,"The US elections were rigged in 2024 despite it really was too big to rig because of the overwhelming votes of REAL AMERICANS, and i really believe it was rigged more then once!
#USA 
#Fraud 
#Con_Artist
#Ignorance 
#Left 
#Right 
#Trump 
#Republicans 
#Democrats 
#Liberals 
#WEF‚Ä¶ https://t.co/noqe0ALKdm https://t.co/g1kGFwKD7v",Negative,2025-02-26,"['#USA', '#Fraud', '#Con_Artist', '#Ignorance', '#Left', '#Right', '#Trump', '#Republicans', '#Democrats', '#Liberals', '#WEF']"
